{
  "results": [
    {
      "command": "timeout 60 /Users/pedroantonino/Repos/noir/tooling/acir_checker/benches/../../../target/debug/nargo formal-verify",
      "mean": 0.20144346868000002,
      "stddev": 0.004104243652099961,
      "median": 0.20058828528000003,
      "user": 0.18526653999999998,
      "system": 0.031155219999999994,
      "min": 0.19783553528,
      "max": 0.20806057728000002,
      "times": [
        0.20230616028,
        0.19783553528,
        0.19842678528000002,
        0.20806057728000002,
        0.20058828528000003
      ],
      "memory_usage_byte": [
        76005376,
        79806464,
        79806464,
        79806464,
        79806464
      ],
      "exit_codes": [
        0,
        0,
        0,
        0,
        0
      ]
    }
  ]
}
