{
  "results": [
    {
      "command": "timeout 60 /Users/pedroantonino/Repos/noir/tooling/acir_checker/benches/../../../target/debug/nargo formal-verify",
      "mean": 0.16879418162,
      "stddev": 0.004949758488481348,
      "median": 0.16768898942000002,
      "user": 0.1584631,
      "system": 0.027196719999999997,
      "min": 0.16358432342,
      "max": 0.17701786542,
      "times": [
        0.16768898942000002,
        0.17701786542,
        0.16358432342,
        0.16753494842000002,
        0.16814478142000003
      ],
      "memory_usage_byte": [
        78921728,
        78921728,
        78921728,
        78921728,
        78921728
      ],
      "exit_codes": [
        0,
        0,
        0,
        0,
        0
      ]
    }
  ]
}
