{
  "results": [
    {
      "command": "timeout 60 /Users/pedroantonino/Repos/noir/tooling/acir_checker/benches/../../../target/debug/nargo formal-verify",
      "mean": 0.18801574526000003,
      "stddev": 0.0041194741621934225,
      "median": 0.18764403706000002,
      "user": 0.17288462,
      "system": 0.031546979999999995,
      "min": 0.18389699506,
      "max": 0.19393978706,
      "times": [
        0.19000599506000002,
        0.18459191206,
        0.18389699506,
        0.19393978706,
        0.18764403706000002
      ],
      "memory_usage_byte": [
        72351744,
        72351744,
        76267520,
        84983808,
        84983808
      ],
      "exit_codes": [
        0,
        0,
        0,
        0,
        0
      ]
    }
  ]
}
