{
  "results": [
    {
      "command": "timeout 60 /Users/pedroantonino/Repos/noir/tooling/acir_checker/benches/../../../target/debug/nargo formal-verify",
      "mean": 2.4273305555,
      "stddev": 0.015546356357446089,
      "median": 2.4276443134999997,
      "user": 2.38150194,
      "system": 0.05861019999999999,
      "min": 2.4086685224999997,
      "max": 2.4491603975,
      "times": [
        2.4086685224999997,
        2.4338294384999997,
        2.4491603975,
        2.4173501054999997,
        2.4276443134999997
      ],
      "memory_usage_byte": [
        78462976,
        78462976,
        80035840,
        82329600,
        82329600
      ],
      "exit_codes": [
        0,
        0,
        0,
        0,
        0
      ]
    }
  ]
}
