{
  "results": [
    {
      "command": "timeout 60 /Users/pedroantonino/Repos/noir/tooling/acir_checker/benches/../../../target/debug/nargo formal-verify",
      "mean": 0.18841013172000004,
      "stddev": 0.005394877801645764,
      "median": 0.18977652332000003,
      "user": 0.17417760000000002,
      "system": 0.029959279999999998,
      "min": 0.18031589832000003,
      "max": 0.19488556532,
      "times": [
        0.18031589832000003,
        0.19488556532,
        0.19041677332,
        0.18977652332000003,
        0.18665589832
      ],
      "memory_usage_byte": [
        71548928,
        76644352,
        78446592,
        78446592,
        78446592
      ],
      "exit_codes": [
        0,
        0,
        0,
        0,
        0
      ]
    }
  ]
}
