{
  "results": [
    {
      "command": "timeout 60 /Users/pedroantonino/Repos/noir/tooling/acir_checker/benches/../../../target/debug/nargo formal-verify",
      "mean": 0.18778908914,
      "stddev": 0.014770102204909269,
      "median": 0.18200443914000003,
      "user": 0.17349464,
      "system": 0.027899439999999998,
      "min": 0.17650077314,
      "max": 0.21171456414000003,
      "times": [
        0.17675268914000003,
        0.19197298014000003,
        0.21171456414000003,
        0.18200443914000003,
        0.17650077314
      ],
      "memory_usage_byte": [
        74317824,
        76840960,
        76840960,
        76840960,
        76840960
      ],
      "exit_codes": [
        0,
        0,
        0,
        0,
        0
      ]
    }
  ]
}
