{
  "results": [
    {
      "command": "timeout 60 /Users/pedroantonino/Repos/noir/tooling/acir_checker/benches/../../../target/debug/nargo formal-verify",
      "mean": 0.17903386504000002,
      "stddev": 0.0027354239294864312,
      "median": 0.17756708204000002,
      "user": 0.16876772,
      "system": 0.025609700000000003,
      "min": 0.17692199804,
      "max": 0.18345966504,
      "times": [
        0.17756708204000002,
        0.18345966504,
        0.17731179004,
        0.17692199804,
        0.17990879004000002
      ],
      "memory_usage_byte": [
        69844992,
        69877760,
        74350592,
        74350592,
        74350592
      ],
      "exit_codes": [
        0,
        0,
        0,
        0,
        0
      ]
    }
  ]
}
