{
  "results": [
    {
      "command": "timeout 60 /Users/pedroantonino/Repos/noir/tooling/acir_checker/benches/../../../target/debug/nargo formal-verify",
      "mean": 60.02573593496,
      "stddev": 0.0023098248729637775,
      "median": 60.02713973536,
      "user": 0.09282796,
      "system": 0.024278259999999996,
      "min": 60.022953234359996,
      "max": 60.02780581836,
      "times": [
        60.02780581836,
        60.02713973536,
        60.02350577636,
        60.02727511036,
        60.022953234359996
      ],
      "memory_usage_byte": [
        59211776,
        59211776,
        59277312,
        59277312,
        59277312
      ],
      "exit_codes": [
        124,
        124,
        124,
        124,
        124
      ]
    }
  ]
}
