{
  "results": [
    {
      "command": "timeout 60 /Users/pedroantonino/Repos/noir/tooling/acir_checker/benches/../../../target/debug/nargo formal-verify",
      "mean": 60.03052103681999,
      "stddev": 0.003339428063375283,
      "median": 60.031363495019995,
      "user": 0.08694383999999998,
      "system": 0.024387799999999998,
      "min": 60.027150329019996,
      "max": 60.03524812002,
      "times": [
        60.03524812002,
        60.03139303602,
        60.02745020402,
        60.027150329019996,
        60.031363495019995
      ],
      "memory_usage_byte": [
        58392576,
        61194240,
        61194240,
        61194240,
        61194240
      ],
      "exit_codes": [
        124,
        124,
        124,
        124,
        124
      ]
    }
  ]
}
