{
  "results": [
    {
      "command": "timeout 60 /Users/pedroantonino/Repos/noir/tooling/acir_checker/benches/../../../target/debug/nargo formal-verify",
      "mean": 0.17996279584,
      "stddev": 0.00523717341536313,
      "median": 0.17773544624,
      "user": 0.16773084,
      "system": 0.027886699999999997,
      "min": 0.17606994524,
      "max": 0.18871865424,
      "times": [
        0.17773544624,
        0.18871865424,
        0.17647032124,
        0.18081961224,
        0.17606994524
      ],
      "memory_usage_byte": [
        76595200,
        76595200,
        76595200,
        76595200,
        76595200
      ],
      "exit_codes": [
        0,
        0,
        0,
        0,
        0
      ]
    }
  ]
}
