{
  "results": [
    {
      "command": "timeout 60 /Users/pedroantonino/Repos/noir/tooling/acir_checker/benches/../../../target/debug/nargo formal-verify",
      "mean": 0.18722546684000002,
      "stddev": 0.0035197890143713537,
      "median": 0.18581932504,
      "user": 0.17139911999999996,
      "system": 0.02996484,
      "min": 0.18374878404,
      "max": 0.19270124104000003,
      "times": [
        0.19270124104000003,
        0.18581932504,
        0.18856165904000002,
        0.18374878404,
        0.18529632504000002
      ],
      "memory_usage_byte": [
        74874880,
        83197952,
        83197952,
        83197952,
        83197952
      ],
      "exit_codes": [
        0,
        0,
        0,
        0,
        0
      ]
    }
  ]
}
