{
  "results": [
    {
      "command": "timeout 60 /Users/pedroantonino/Repos/noir/tooling/acir_checker/benches/../../../target/debug/nargo formal-verify",
      "mean": 0.17277716310000002,
      "stddev": 0.00984311393221792,
      "median": 0.17162635470000004,
      "user": 0.1577704,
      "system": 0.028816659999999994,
      "min": 0.1628433547,
      "max": 0.18613514670000003,
      "times": [
        0.17162635470000004,
        0.18613514670000003,
        0.17893852170000002,
        0.1628433547,
        0.1643424377
      ],
      "memory_usage_byte": [
        77430784,
        79003648,
        79003648,
        79003648,
        79003648
      ],
      "exit_codes": [
        0,
        0,
        0,
        0,
        0
      ]
    }
  ]
}
