{
  "results": [
    {
      "command": "timeout 60 /Users/pedroantonino/Repos/noir/tooling/acir_checker/benches/../../../target/debug/nargo formal-verify",
      "mean": 60.04487756334,
      "stddev": 0.03076055552673355,
      "median": 60.030764021740005,
      "user": 0.08345322,
      "system": 0.02686518,
      "min": 60.03035635474,
      "max": 60.099880937740004,
      "times": [
        60.099880937740004,
        60.03075352174,
        60.03035635474,
        60.030764021740005,
        60.032632980740004
      ],
      "memory_usage_byte": [
        61898752,
        61898752,
        61898752,
        61898752,
        61898752
      ],
      "exit_codes": [
        124,
        124,
        124,
        124,
        124
      ]
    }
  ]
}
