{
  "results": [
    {
      "command": "timeout 60 /Users/pedroantonino/Repos/noir/tooling/acir_checker/benches/../../../target/debug/nargo formal-verify",
      "mean": 60.02708993166,
      "stddev": 0.0013476888341174447,
      "median": 60.02710344846,
      "user": 0.08361198,
      "system": 0.026044300000000003,
      "min": 60.025188073459994,
      "max": 60.02894298946,
      "times": [
        60.02894298946,
        60.025188073459994,
        60.02710344846,
        60.02743419846,
        60.026780948459994
      ],
      "memory_usage_byte": [
        56442880,
        57540608,
        57540608,
        57540608,
        60407808
      ],
      "exit_codes": [
        124,
        124,
        124,
        124,
        124
      ]
    }
  ]
}
