{
  "results": [
    {
      "command": "timeout 60 /Users/pedroantonino/Repos/noir/tooling/acir_checker/benches/../../../target/debug/nargo formal-verify",
      "mean": 0.19619492508000005,
      "stddev": 0.01754117546008993,
      "median": 0.18762760888000002,
      "user": 0.17766798,
      "system": 0.02877176,
      "min": 0.18546889988,
      "max": 0.22709181688000002,
      "times": [
        0.18546889988,
        0.19358577488000003,
        0.22709181688000002,
        0.18720052488000002,
        0.18762760888000002
      ],
      "memory_usage_byte": [
        71516160,
        77971456,
        78807040,
        80740352,
        80740352
      ],
      "exit_codes": [
        0,
        0,
        0,
        0,
        0
      ]
    }
  ]
}
