{
  "results": [
    {
      "command": "timeout 60 /Users/pedroantonino/Repos/noir/tooling/acir_checker/benches/../../../target/debug/nargo formal-verify",
      "mean": 0.18772964246,
      "stddev": 0.002012979039631887,
      "median": 0.18685090886,
      "user": 0.17309294,
      "system": 0.0272115,
      "min": 0.18557649286,
      "max": 0.19072228386,
      "times": [
        0.18678920086,
        0.18685090886,
        0.18557649286,
        0.19072228386,
        0.18870932586
      ],
      "memory_usage_byte": [
        78708736,
        78708736,
        78708736,
        78708736,
        78708736
      ],
      "exit_codes": [
        0,
        0,
        0,
        0,
        0
      ]
    }
  ]
}
