{
  "results": [
    {
      "command": "timeout 60 /Users/pedroantonino/Repos/noir/tooling/acir_checker/benches/../../../target/debug/nargo formal-verify",
      "mean": 60.03288010844,
      "stddev": 0.0028767832412393136,
      "median": 60.033611250039996,
      "user": 0.08827884,
      "system": 0.026430139999999998,
      "min": 60.02814991704,
      "max": 60.03588045804,
      "times": [
        60.03588045804,
        60.03279062504,
        60.02814991704,
        60.033611250039996,
        60.03396829204
      ],
      "memory_usage_byte": [
        60506112,
        60506112,
        60506112,
        60506112,
        60506112
      ],
      "exit_codes": [
        124,
        124,
        124,
        124,
        124
      ]
    }
  ]
}
