{
  "results": [
    {
      "command": "timeout 60 /Users/pedroantonino/Repos/noir/tooling/acir_checker/benches/../../../target/debug/nargo formal-verify",
      "mean": 0.20003242412000005,
      "stddev": 0.005245826938550658,
      "median": 0.19803449852000002,
      "user": 0.18517798000000002,
      "system": 0.028430660000000003,
      "min": 0.19528174952000002,
      "max": 0.20891999952,
      "times": [
        0.19528174952000002,
        0.20891999952,
        0.19803449852000002,
        0.19790520752000001,
        0.20002066552
      ],
      "memory_usage_byte": [
        75628544,
        75628544,
        75628544,
        75628544,
        75628544
      ],
      "exit_codes": [
        0,
        0,
        0,
        0,
        0
      ]
    }
  ]
}
