{
  "results": [
    {
      "command": "timeout 60 /Users/pedroantonino/Repos/noir/tooling/acir_checker/benches/../../../target/debug/nargo formal-verify",
      "mean": 60.03366868405999,
      "stddev": 0.004026036250283601,
      "median": 60.03495194286,
      "user": 0.0850419,
      "system": 0.0274984,
      "min": 60.027756983859994,
      "max": 60.03844781686,
      "times": [
        60.027756983859994,
        60.03844781686,
        60.031951775859994,
        60.03523490086,
        60.03495194286
      ],
      "memory_usage_byte": [
        59457536,
        59801600,
        60981248,
        60981248,
        60981248
      ],
      "exit_codes": [
        124,
        124,
        124,
        124,
        124
      ]
    }
  ]
}
