{
  "results": [
    {
      "command": "timeout 60 /Users/pedroantonino/Repos/noir/tooling/acir_checker/benches/../../../target/debug/nargo formal-verify",
      "mean": 60.05666481864,
      "stddev": 0.009178895965175616,
      "median": 60.05206792704,
      "user": 0.09602461999999999,
      "system": 0.043623239999999994,
      "min": 60.04733155204,
      "max": 60.06827734404,
      "times": [
        60.06827734404,
        60.06457755204,
        60.04733155204,
        60.05106971804,
        60.05206792704
      ],
      "memory_usage_byte": [
        60981248,
        60981248,
        60981248,
        60981248,
        60981248
      ],
      "exit_codes": [
        124,
        124,
        124,
        124,
        124
      ]
    }
  ]
}
