{
  "results": [
    {
      "command": "timeout 60 /Users/pedroantonino/Repos/noir/tooling/acir_checker/benches/../../../target/debug/nargo formal-verify",
      "mean": 60.03110543742,
      "stddev": 0.0027054899958697067,
      "median": 60.03097936182,
      "user": 0.08405296,
      "system": 0.02425914,
      "min": 60.02880394582,
      "max": 60.03541573782,
      "times": [
        60.02880394582,
        60.02881965382,
        60.03150848782,
        60.03541573782,
        60.03097936182
      ],
      "memory_usage_byte": [
        61259776,
        61259776,
        61259776,
        61259776,
        61259776
      ],
      "exit_codes": [
        124,
        124,
        124,
        124,
        124
      ]
    }
  ]
}
