{
  "results": [
    {
      "command": "timeout 60 /Users/pedroantonino/Repos/noir/tooling/acir_checker/benches/../../../target/debug/nargo formal-verify",
      "mean": 0.08852484534000002,
      "stddev": 0.0028852548144558247,
      "median": 0.08815321134000001,
      "user": 0.08495836,
      "system": 0.019315179999999998,
      "min": 0.08507696234,
      "max": 0.09288625334000002,
      "times": [
        0.08927958734000001,
        0.08722821234000001,
        0.09288625334000002,
        0.08815321134000001,
        0.08507696234
      ],
      "memory_usage_byte": [
        57098240,
        57098240,
        57458688,
        58654720,
        58654720
      ],
      "exit_codes": [
        1,
        1,
        1,
        1,
        1
      ]
    }
  ]
}
