{
  "results": [
    {
      "command": "timeout 60 /Users/pedroantonino/Repos/noir/tooling/acir_checker/benches/../../../target/debug/nargo formal-verify",
      "mean": 0.18575033164,
      "stddev": 0.0012113117290434398,
      "median": 0.18562047344000002,
      "user": 0.17278043999999998,
      "system": 0.030037959999999995,
      "min": 0.18404768144,
      "max": 0.18725938944,
      "times": [
        0.18562047344000002,
        0.18725938944,
        0.18535364044,
        0.18404768144,
        0.18647047344
      ],
      "memory_usage_byte": [
        74907648,
        74907648,
        74907648,
        74907648,
        74907648
      ],
      "exit_codes": [
        0,
        0,
        0,
        0,
        0
      ]
    }
  ]
}
