{
  "results": [
    {
      "command": "timeout 60 /Users/pedroantonino/Repos/noir/tooling/acir_checker/benches/../../../target/debug/nargo formal-verify",
      "mean": 0.18081823168,
      "stddev": 0.0017913868513242772,
      "median": 0.18085544868,
      "user": 0.16803413999999997,
      "system": 0.028417439999999995,
      "min": 0.17846561568000002,
      "max": 0.18262028168000002,
      "times": [
        0.18247507268000002,
        0.17967473968,
        0.17846561568000002,
        0.18085544868,
        0.18262028168000002
      ],
      "memory_usage_byte": [
        81117184,
        81117184,
        81117184,
        81117184,
        81117184
      ],
      "exit_codes": [
        0,
        0,
        0,
        0,
        0
      ]
    }
  ]
}
