{
  "results": [
    {
      "command": "timeout 60 /Users/pedroantonino/Repos/noir/tooling/acir_checker/benches/../../../target/debug/nargo formal-verify",
      "mean": 0.17768373492,
      "stddev": 0.005803146719162245,
      "median": 0.17641075972000003,
      "user": 0.16522409999999998,
      "system": 0.02735064,
      "min": 0.17169113472000003,
      "max": 0.18702950972,
      "times": [
        0.17169113472000003,
        0.18702950972,
        0.17641075972000003,
        0.17468567672000002,
        0.17860159372
      ],
      "memory_usage_byte": [
        78528512,
        78790656,
        78790656,
        78790656,
        78790656
      ],
      "exit_codes": [
        0,
        0,
        0,
        0,
        0
      ]
    }
  ]
}
