{
  "results": [
    {
      "command": "timeout 60 /Users/pedroantonino/Repos/noir/tooling/acir_checker/benches/../../../target/debug/nargo formal-verify",
      "mean": 0.18505213500000003,
      "stddev": 0.012847671743263735,
      "median": 0.18004265240000003,
      "user": 0.16934925999999997,
      "system": 0.02726556,
      "min": 0.17593085940000003,
      "max": 0.20772935940000004,
      "times": [
        0.17593085940000003,
        0.20772935940000004,
        0.18001061040000002,
        0.18004265240000003,
        0.18154719340000003
      ],
      "memory_usage_byte": [
        76677120,
        77414400,
        77414400,
        77414400,
        77414400
      ],
      "exit_codes": [
        0,
        0,
        0,
        0,
        0
      ]
    }
  ]
}
