{
  "results": [
    {
      "command": "timeout 60 /Users/pedroantonino/Repos/noir/tooling/acir_checker/benches/../../../target/debug/nargo formal-verify",
      "mean": 60.035857289199996,
      "stddev": 0.0059516149198298755,
      "median": 60.0337782314,
      "user": 0.09352745999999999,
      "system": 0.031806619999999994,
      "min": 60.030934939400005,
      "max": 60.046116897400005,
      "times": [
        60.0353611884,
        60.0330951894,
        60.046116897400005,
        60.030934939400005,
        60.0337782314
      ],
      "memory_usage_byte": [
        56623104,
        56786944,
        58441728,
        58441728,
        58900480
      ],
      "exit_codes": [
        124,
        124,
        124,
        124,
        124
      ]
    }
  ]
}
