{
  "results": [
    {
      "command": "timeout 60 /Users/pedroantonino/Repos/noir/tooling/acir_checker/benches/../../../target/debug/nargo formal-verify",
      "mean": 0.17925264076000005,
      "stddev": 0.006569782028376532,
      "median": 0.17569261616000004,
      "user": 0.16583236,
      "system": 0.027573560000000004,
      "min": 0.17284036616000004,
      "max": 0.18823615716000003,
      "times": [
        0.17569261616000004,
        0.18823615716000003,
        0.18408665716000003,
        0.17540740716000003,
        0.17284036616000004
      ],
      "memory_usage_byte": [
        71942144,
        72220672,
        72597504,
        75464704,
        76120064
      ],
      "exit_codes": [
        0,
        0,
        0,
        0,
        0
      ]
    }
  ]
}
