{
  "results": [
    {
      "command": "timeout 60 /Users/pedroantonino/Repos/noir/tooling/acir_checker/benches/../../../target/debug/nargo formal-verify",
      "mean": 0.18476002272,
      "stddev": 0.003552409234063719,
      "median": 0.18563626392000002,
      "user": 0.17112157999999997,
      "system": 0.02978426,
      "min": 0.17890580592000002,
      "max": 0.18795259792000002,
      "times": [
        0.18795259792000002,
        0.18563626392000002,
        0.17890580592000002,
        0.18430134792,
        0.18700409792
      ],
      "memory_usage_byte": [
        72908800,
        73203712,
        73449472,
        73449472,
        76955648
      ],
      "exit_codes": [
        0,
        0,
        0,
        0,
        0
      ]
    }
  ]
}
