{
  "results": [
    {
      "command": "timeout 60 /Users/pedroantonino/Repos/noir/tooling/acir_checker/benches/../../../target/debug/nargo formal-verify",
      "mean": 60.027906581859995,
      "stddev": 0.002551415193247012,
      "median": 60.02691021506,
      "user": 0.08672695999999998,
      "system": 0.023394439999999996,
      "min": 60.025094382060004,
      "max": 60.03077609006,
      "times": [
        60.030433132060004,
        60.03077609006,
        60.02631909006,
        60.02691021506,
        60.025094382060004
      ],
      "memory_usage_byte": [
        58097664,
        58097664,
        58097664,
        58228736,
        59424768
      ],
      "exit_codes": [
        124,
        124,
        124,
        124,
        124
      ]
    }
  ]
}
