{
  "results": [
    {
      "command": "timeout 60 /Users/pedroantonino/Repos/noir/tooling/acir_checker/benches/../../../target/debug/nargo formal-verify",
      "mean": 0.18364122098000002,
      "stddev": 0.005962207745924094,
      "median": 0.18194032918,
      "user": 0.16870173999999996,
      "system": 0.029727860000000002,
      "min": 0.17711137118,
      "max": 0.19291674618000001,
      "times": [
        0.18536366318,
        0.19291674618000001,
        0.17711137118,
        0.18087399518,
        0.18194032918
      ],
      "memory_usage_byte": [
        72630272,
        78053376,
        78053376,
        78053376,
        78053376
      ],
      "exit_codes": [
        0,
        0,
        0,
        0,
        0
      ]
    }
  ]
}
