{
  "results": [
    {
      "command": "timeout 60 /Users/pedroantonino/Repos/noir/tooling/acir_checker/benches/../../../target/debug/nargo formal-verify",
      "mean": 60.04084222311999,
      "stddev": 0.006720189721717994,
      "median": 60.04012367332,
      "user": 0.08920206,
      "system": 0.027909439999999997,
      "min": 60.03582338132,
      "max": 60.05223388132,
      "times": [
        60.03582338132,
        60.040157923319995,
        60.05223388132,
        60.04012367332,
        60.03587225632
      ],
      "memory_usage_byte": [
        60522496,
        60522496,
        60522496,
        60522496,
        60522496
      ],
      "exit_codes": [
        124,
        124,
        124,
        124,
        124
      ]
    }
  ]
}
