{
  "results": [
    {
      "command": "timeout 60 /Users/pedroantonino/Repos/noir/tooling/acir_checker/benches/../../../target/debug/nargo formal-verify",
      "mean": 0.21283832502000002,
      "stddev": 0.005616082998605197,
      "median": 0.21229835802000002,
      "user": 0.19811904,
      "system": 0.027220559999999998,
      "min": 0.20568606702000003,
      "max": 0.22122244102,
      "times": [
        0.22122244102,
        0.21104627502,
        0.20568606702000003,
        0.21393848401999999,
        0.21229835802000002
      ],
      "memory_usage_byte": [
        80445440,
        80445440,
        80445440,
        80445440,
        80445440
      ],
      "exit_codes": [
        0,
        0,
        0,
        0,
        0
      ]
    }
  ]
}
