{
  "results": [
    {
      "command": "timeout 60 /Users/pedroantonino/Repos/noir/tooling/acir_checker/benches/../../../target/debug/nargo formal-verify",
      "mean": 60.03474699029999,
      "stddev": 0.0020258245126961757,
      "median": 60.0354038403,
      "user": 0.08762655999999999,
      "system": 0.027290779999999997,
      "min": 60.0311644653,
      "max": 60.036142215299996,
      "times": [
        60.0311644653,
        60.0354038403,
        60.035385465299996,
        60.035638965299995,
        60.036142215299996
      ],
      "memory_usage_byte": [
        63963136,
        63963136,
        63963136,
        63963136,
        63963136
      ],
      "exit_codes": [
        124,
        124,
        124,
        124,
        124
      ]
    }
  ]
}
