{
  "results": [
    {
      "command": "timeout 60 /Users/pedroantonino/Repos/noir/tooling/acir_checker/benches/../../../target/debug/nargo formal-verify",
      "mean": 60.03922107513999,
      "stddev": 0.029159224734240742,
      "median": 60.02762936694,
      "user": 0.08306327999999999,
      "system": 0.02414992,
      "min": 60.02325732494,
      "max": 60.09116794994,
      "times": [
        60.02420719994,
        60.02325732494,
        60.02984353394,
        60.02762936694,
        60.09116794994
      ],
      "memory_usage_byte": [
        57622528,
        57901056,
        57901056,
        57901056,
        58277888
      ],
      "exit_codes": [
        124,
        124,
        124,
        124,
        124
      ]
    }
  ]
}
