{
  "results": [
    {
      "command": "timeout 60 /Users/pedroantonino/Repos/noir/tooling/acir_checker/benches/../../../target/debug/nargo formal-verify",
      "mean": 0.18292137730000002,
      "stddev": 0.007330878096607513,
      "median": 0.1787888351,
      "user": 0.17115464,
      "system": 0.02831724,
      "min": 0.17598571010000003,
      "max": 0.19235596110000003,
      "times": [
        0.1787888351,
        0.19235596110000003,
        0.18918979410000003,
        0.17828658610000003,
        0.17598571010000003
      ],
      "memory_usage_byte": [
        75612160,
        75612160,
        75612160,
        75612160,
        75612160
      ],
      "exit_codes": [
        0,
        0,
        0,
        0,
        0
      ]
    }
  ]
}
