{
  "results": [
    {
      "command": "timeout 60 /Users/pedroantonino/Repos/noir/tooling/acir_checker/benches/../../../target/debug/nargo formal-verify",
      "mean": 60.031854060040004,
      "stddev": 0.003163280897414334,
      "median": 60.03237916004,
      "user": 0.08584996,
      "system": 0.02661032,
      "min": 60.02792803504,
      "max": 60.035162952040004,
      "times": [
        60.035162952040004,
        60.03237916004,
        60.029313285040004,
        60.03448686804,
        60.02792803504
      ],
      "memory_usage_byte": [
        57802752,
        59113472,
        59113472,
        59113472,
        59113472
      ],
      "exit_codes": [
        124,
        124,
        124,
        124,
        124
      ]
    }
  ]
}
